claim_id,score
WC711348,0.0047
WC711349,0.0013
WC711350,0.0017
WC711351,0.0028
WC711352,0.0018
WC711353,0.0018
WC711354,0.0018
WC711355,0.0014
WC711356,0.0028
WC711357,0.0066
WC711358,0.0016
WC711359,0.0019
WC711360,0.0014
WC711361,0.0058
WC711362,0.001
WC711363,0.0018
WC711364,0.002
WC711365,0.0013
WC711366,0.0029
WC711367,0.0021
WC711368,0.0016
WC711369,0.0011
WC711370,0.0082
WC711371,0.0164
WC711372,0.0018
WC711373,0.0025
WC711374,0.0018
WC711375,0.0033
WC711376,0.0022
WC711377,0.0034
WC711378,0.002
WC711379,0.0021
WC711380,0.004
WC711381,0.0038
WC711382,0.0024
WC711383,0.0021
WC711384,0.0028
WC711385,0.0014
WC711386,0.0013
WC711387,0.0015
WC711388,0.0024
WC711389,0.009
WC711390,0.0026
WC711391,0.0019
WC711392,0.0105
WC711393,0.1245
WC711394,0.0018
WC711395,0.002
WC711396,0.0017
WC711397,0.002
WC711398,0.0016
WC711399,0.0011
WC711400,0.0015
WC711401,0.0037
WC711402,0.0016
WC711403,0.0018
WC711404,0.0023
WC711405,0.0015
WC711406,0.0047
WC711407,0.0055
WC711408,0.0017
WC711409,0.0012
WC711410,0.0032
WC711411,0.0037
WC711412,0.0013
WC711413,0.0006
WC711414,0.0021
WC711415,0.0091
WC711416,0.0016
WC711417,0.0023
WC711418,0.909
WC711419,0.0016
WC711420,0.002
WC711421,0.0019
WC711422,0.0025
WC711423,0.0007
WC711424,0.0035
WC711425,0.0016
WC711426,0.0019
WC711427,0.0095
WC711428,0.0019
WC711429,0.0031
WC711430,0.0018
WC711431,0.0012
WC711432,0.0013
WC711433,0.0017
WC711434,0.0019
WC711435,0.0016
WC711436,0.0028
WC711437,0.0043
WC711438,0.0007
WC711439,0.0027
WC711440,0.0025
WC711441,0.002
WC711442,0.0023
WC711443,0.0114
WC711444,0.0052
WC711445,0.0061
WC711446,0.0071
WC711447,0.0018
WC711448,0.0029
WC711449,0.0019
WC711450,0.0021
WC711451,0.0028
WC711452,0.0007
WC711453,0.0022
WC711454,0.0009
WC711455,0.0058
WC711456,0.0049
WC711457,0.0019
WC711458,0.0018
WC711459,0.0022
WC711460,0.0018
WC711461,0.0013
WC711462,0.0021
WC711463,0.0014
WC711464,0.0199
WC711465,0.0016
WC711466,0.0058
WC711467,0.8345
WC711468,0.0157
WC711469,0.0017
WC711470,0.0016
WC711471,0.0097
WC711472,0.0037
WC711473,0.0007
WC711474,0.0021
WC711475,0.0018
WC711476,0.0034
WC711477,0.0012
WC711478,0.0019
WC711479,0.0024
WC711480,0.0015
WC711481,0.0017
WC711482,0.0034
WC711483,0.0032
WC711484,0.0022
WC711485,0.0017
WC711486,0.0031
WC711487,0.0023
WC711488,0.0018
WC711489,0.0018
WC711490,0.0012
WC711491,0.0105
WC711492,0.0017
WC711493,0.0088
WC711494,0.0017
WC711495,0.0014
WC711496,0.9433
WC711497,0.033
WC711498,0.0009
WC711499,0.0022
WC711500,0.0016
WC711501,0.0007
WC711502,0.0019
WC711503,0.0034
WC711504,0.0031
WC711505,0.002
WC711506,0.002
WC711507,0.0018
WC711508,0.0006
WC711509,0.0113
WC711510,0.0075
WC711511,0.0131
WC711512,0.0009
WC711513,0.0029
WC711514,0.0024
WC711515,0.0016
WC711516,0.0051
WC711517,0.0018
WC711518,0.0037
WC711519,0.001
WC711520,0.002
WC711521,0.0006
WC711522,0.0017
WC711523,0.0019
WC711524,0.002
WC711525,0.002
WC711526,0.0025
WC711527,0.0038
WC711528,0.0017
WC711529,0.0016
WC711530,0.0025
WC711531,0.0017
WC711532,0.0019
WC711533,0.0015
WC711534,0.0022
WC711535,0.002
WC711536,0.0018
WC711537,0.0232
WC711538,0.0011
WC711539,0.0025
WC711540,0.0023
WC711541,0.0019
WC711542,0.0006
WC711543,0.0028
WC711544,0.0029
WC711545,0.0066
WC711546,0.002
WC711547,0.0021
WC711548,0.0028
WC711549,0.0026
WC711550,0.0051
WC711551,0.0022
WC711552,0.0067
WC711553,0.0013
WC711554,0.0025
WC711555,0.0025
WC711556,0.0006
WC711557,0.0019
WC711558,0.0018
WC711559,0.0023
WC711560,0.0021
WC711561,0.0021
WC711562,0.0017
WC711563,0.004
WC711564,0.0089
WC711565,0.0018
WC711566,0.5732
WC711567,0.003
WC711568,0.002
WC711569,0.0008
WC711570,0.9021
WC711571,0.8818
WC711572,0.001
WC711573,0.0016
WC711574,0.002
WC711575,0.0027
WC711576,0.002
WC711577,0.0016
WC711578,0.002
WC711579,0.0008
WC711580,0.0027
WC711581,0.0019
WC711582,0.0023
WC711583,0.8929
WC711584,0.0011
WC711585,0.0022
WC711586,0.0025
WC711587,0.0019
WC711588,0.0035
WC711589,0.0009
WC711590,0.0035
WC711591,0.0012
WC711592,0.0029
WC711593,0.0016
WC711594,0.0029
WC711595,0.0016
WC711596,0.008
WC711597,0.0035
WC711598,0.0019
WC711599,0.0025
WC711600,0.0023
WC711601,0.0021
WC711602,0.0012
WC711603,0.0048
WC711604,0.0023
WC711605,0.0015
WC711606,0.0027
WC711607,0.0009
WC711608,0.009
WC711609,0.0007
WC711610,0.0025
WC711611,0.0053
WC711612,0.002
WC711613,0.0023
WC711614,0.0022
WC711615,0.0047
WC711616,0.0052
WC711617,0.0023
WC711618,0.0018
WC711619,0.0051
WC711620,0.0012
WC711621,0.0018
WC711622,0.0013
WC711623,0.0018
WC711624,0.0033
WC711625,0.0033
WC711626,0.0033
WC711627,0.0845
WC711628,0.0035
WC711629,0.0008
WC711630,0.002
WC711631,0.1431
WC711632,0.0024
WC711633,0.0025
WC711634,0.0021
WC711635,0.0013
WC711636,0.0037
WC711637,0.0018
WC711638,0.0056
WC711639,0.0035
WC711640,0.0016
WC711641,0.0006
WC711642,0.0016
WC711643,0.0025
WC711644,0.0027
WC711645,0.0008
WC711646,0.0016
WC711647,0.003
WC711648,0.002
WC711649,0.0044
WC711650,0.0022
WC711651,0.0014
WC711652,0.002
WC711653,0.0023
WC711654,0.0019
WC711655,0.0027
WC711656,0.0016
WC711657,0.0196
WC711658,0.8366
WC711659,0.0062
WC711660,0.0066
WC711661,0.0052
WC711662,0.0015
WC711663,0.0012
WC711664,0.005
WC711665,0.0027
WC711666,0.0017
WC711667,0.0024
WC711668,0.0019
WC711669,0.0028
WC711670,0.4582
WC711671,0.0031
WC711672,0.0022
WC711673,0.0021
WC711674,0.002
WC711675,0.0018
WC711676,0.0012
WC711677,0.0032
WC711678,0.0033
WC711679,0.002
WC711680,0.0018
WC711681,0.0027
WC711682,0.008
WC711683,0.0035
WC711684,0.0017
WC711685,0.0022
WC711686,0.4748
WC711687,0.0026
WC711688,0.0018
WC711689,0.0027
WC711690,0.0085
WC711691,0.0018
WC711692,0.004
WC711693,0.0178
WC711694,0.0037
WC711695,0.0017
WC711696,0.0021
WC711697,0.0064
WC711698,0.0019
WC711699,0.0019
WC711700,0.0013
WC711701,0.0053
WC711702,0.0033
WC711703,0.9053
WC711704,0.0038
WC711705,0.0018
WC711706,0.0047
WC711707,0.0023
WC711708,0.0015
WC711709,0.0017
WC711710,0.0044
WC711711,0.0014
WC711712,0.0026
WC711713,0.0027
WC711714,0.0022
WC711715,0.0017
WC711716,0.0019
WC711717,0.0018
WC711718,0.002
WC711719,0.0014
WC711720,0.0021
WC711721,0.0016
WC711722,0.0019
WC711723,0.0008
WC711724,0.0078
WC711725,0.0028
WC711726,0.004
WC711727,0.002
WC711728,0.0031
WC711729,0.0034
WC711730,0.0021
WC711731,0.0012
WC711732,0.0018
WC711733,0.0033
WC711734,0.0031
WC711735,0.0015
WC711736,0.0008
WC711737,0.0008
WC711738,0.0022
WC711739,0.0019
WC711740,0.0053
WC711741,0.0018
WC711742,0.0019
WC711743,0.0007
WC711744,0.0031
WC711745,0.0028
WC711746,0.0008
WC711747,0.0031
WC711748,0.012
WC711749,0.0015
WC711750,0.0029
WC711751,0.0026
WC711752,0.8709
WC711753,0.0029
WC711754,0.0018
WC711755,0.0607
WC711756,0.002
WC711757,0.0025
WC711758,0.0008
WC711759,0.002
WC711760,0.0097
WC711761,0.0021
WC711762,0.0077
WC711763,0.0018
WC711764,0.0023
WC711765,0.0049
WC711766,0.0041
WC711767,0.4425
WC711768,0.008
WC711769,0.0023
WC711770,0.0021
WC711771,0.0022
WC711772,0.0021
WC711773,0.0023
WC711774,0.0053
WC711775,0.0059
WC711776,0.0008
WC711777,0.0012
WC711778,0.0022
WC711779,0.0023
WC711780,0.0026
WC711781,0.0017
WC711782,0.0059
WC711783,0.0021
WC711784,0.0007
WC711785,0.0017
WC711786,0.0017
WC711787,0.0016
WC711788,0.0018
WC711789,0.0062
WC711790,0.0017
WC711791,0.0029
WC711792,0.0006
WC711793,0.0027
WC711794,0.0021
WC711795,0.0052
WC711796,0.0135
WC711797,0.0008
WC711798,0.0008
WC711799,0.0008
WC711800,0.0025
WC711801,0.0017
WC711802,0.007
WC711803,0.0036
WC711804,0.0008
WC711805,0.0044
WC711806,0.0051
WC711807,0.0055
WC711808,0.0019
WC711809,0.0025
WC711810,0.8805
WC711811,0.0016
WC711812,0.0018
WC711813,0.0007
WC711814,0.0021
WC711815,0.0012
WC711816,0.0025
WC711817,0.0023
WC711818,0.0598
WC711819,0.0036
WC711820,0.0043
WC711821,0.0012
WC711822,0.0018
WC711823,0.0406
WC711824,0.0026
WC711825,0.002
WC711826,0.0019
WC711827,0.0028
WC711828,0.0018
WC711829,0.0012
WC711830,0.0018
WC711831,0.002
WC711832,0.0036
WC711833,0.0015
WC711834,0.0041
WC711835,0.002
WC711836,0.0025
WC711837,0.003
WC711838,0.0008
WC711839,0.0012
WC711840,0.0037
WC711841,0.0023
WC711842,0.0009
WC711843,0.0019
WC711844,0.0016
WC711845,0.0016
WC711846,0.0049
WC711847,0.0011
WC711848,0.0019
WC711849,0.0014
WC711850,0.0021
WC711851,0.0019
WC711852,0.0022
WC711853,0.0015
WC711854,0.0014
WC711855,0.0031
WC711856,0.0019
WC711857,0.0023
WC711858,0.0019
WC711859,0.0037
WC711860,0.0025
WC711861,0.8609
WC711862,0.0061
WC711863,0.0016
WC711864,0.0019
WC711865,0.0032
WC711866,0.0049
WC711867,0.0054
WC711868,0.0021
WC711869,0.0044
WC711870,0.002
WC711871,0.0033
WC711872,0.0016
WC711873,0.0008
WC711874,0.0087
WC711875,0.0018
WC711876,0.0047
WC711877,0.0017
WC711878,0.0018
WC711879,0.0226
WC711880,0.0019
WC711881,0.0054
WC711882,0.002
WC711883,0.0016
WC711884,0.0019
WC711885,0.0021
WC711886,0.0012
WC711887,0.9831
WC711888,0.0047
WC711889,0.003
WC711890,0.0021
WC711891,0.0027
WC711892,0.0013
WC711893,0.0024
WC711894,0.0014
WC711895,0.0025
WC711896,0.0016
WC711897,0.0049
WC711898,0.01
WC711899,0.0019
WC711900,0.0009
WC711901,0.002
WC711902,0.0012
WC711903,0.0031
WC711904,0.002
WC711905,0.0021
WC711906,0.0018
WC711907,0.9452
WC711908,0.0609
WC711909,0.0019
WC711910,0.0021
WC711911,0.0025
WC711912,0.0018
WC711913,0.0021
WC711914,0.0035
WC711915,0.003
WC711916,0.0006
WC711917,0.0028
WC711918,0.005
WC711919,0.0009
WC711920,0.0058
WC711921,0.0007
WC711922,0.003
WC711923,0.0018
WC711924,0.0021
WC711925,0.0017
WC711926,0.0022
WC711927,0.0014
WC711928,0.0008
WC711929,0.0028
WC711930,0.006
WC711931,0.0021
WC711932,0.0012
WC711933,0.0021
WC711934,0.0011
WC711935,0.4038
WC711936,0.0021
WC711937,0.0011
WC711938,0.0016
WC711939,0.0017
WC711940,0.0041
WC711941,0.0033
WC711942,0.0013
WC711943,0.0026
WC711944,0.0018
WC711945,0.002
WC711946,0.3572
WC711947,0.0019
WC711948,0.0036
WC711949,0.0032
WC711950,0.2027
WC711951,0.0031
WC711952,0.0097
WC711953,0.0038
WC711954,0.0027
WC711955,0.0032
WC711956,0.0034
WC711957,0.0021
WC711958,0.0076
WC711959,0.0018
WC711960,0.0018
WC711961,0.0023
WC711962,0.0021
WC711963,0.0032
WC711964,0.0026
WC711965,0.0022
WC711966,0.0023
WC711967,0.0013
WC711968,0.0022
WC711969,0.0029
WC711970,0.0016
WC711971,0.01
WC711972,0.002
WC711973,0.0017
WC711974,0.0019
WC711975,0.0031
WC711976,0.0078
WC711977,0.0027
WC711978,0.0022
WC711979,0.0023
WC711980,0.0018
WC711981,0.002
WC711982,0.0018
WC711983,0.0039
WC711984,0.9825
WC711985,0.0013
WC711986,0.0028
WC711987,0.0017
WC711988,0.0022
WC711989,0.0012
WC711990,0.003
WC711991,0.0029
WC711992,0.0017
WC711993,0.0058
WC711994,0.0011
WC711995,0.0009
WC711996,0.0048
WC711997,0.0019
WC711998,0.0019
WC711999,0.0016
WC712000,0.0216
WC712001,0.0016
WC712002,0.0025
WC712003,0.002
WC712004,0.0044
WC712005,0.0008
WC712006,0.0013
WC712007,0.0016
WC712008,0.0022
WC712009,0.0061
WC712010,0.0017
WC712011,0.0023
WC712012,0.2594
WC712013,0.0017
WC712014,0.0004
WC712015,0.0028
WC712016,0.0018
WC712017,0.0007
WC712018,0.0025
WC712019,0.0021
WC712020,0.0018
WC712021,0.0028
WC712022,0.0019
WC712023,0.0085
WC712024,0.002
WC712025,0.0055
WC712026,0.0008
WC712027,0.4539
WC712028,0.0108
WC712029,0.001
WC712030,0.003
WC712031,0.0064
WC712032,0.0021
WC712033,0.0015
WC712034,0.0014
WC712035,0.0008
WC712036,0.0022
WC712037,0.0021
WC712038,0.002
WC712039,0.0056
WC712040,0.0019
WC712041,0.0034
WC712042,0.0009
WC712043,0.0022
WC712044,0.0037
WC712045,0.0021
WC712046,0.0019
WC712047,0.0026
WC712048,0.0028
WC712049,0.0018
WC712050,0.0032
WC712051,0.0026
WC712052,0.0019
WC712053,0.0019
WC712054,0.0054
WC712055,0.0018
WC712056,0.0038
WC712057,0.0158
WC712058,0.005
WC712059,0.0022
WC712060,0.0007
WC712061,0.0044
WC712062,0.0035
WC712063,0.0081
WC712064,0.0011
WC712065,0.0037
WC712066,0.0018
WC712067,0.0118
WC712068,0.0022
WC712069,0.0022
WC712070,0.0018
WC712071,0.0029
WC712072,0.0053
WC712073,0.0096
WC712074,0.0028
WC712075,0.0017
WC712076,0.0415
WC712077,0.0035
WC712078,0.0018
WC712079,0.0051
WC712080,0.0058
WC712081,0.0018
WC712082,0.0031
WC712083,0.004
WC712084,0.0042
WC712085,0.0014
WC712086,0.0031
WC712087,0.0013
WC712088,0.0034
WC712089,0.0028
WC712090,0.0014
WC712091,0.5955
WC712092,0.8608
WC712093,0.0019
WC712094,0.0029
WC712095,0.0018
WC712096,0.0018
WC712097,0.0023
WC712098,0.0022
WC712099,0.0013
WC712100,0.0013
WC712101,0.0005
WC712102,0.0012
WC712103,0.002
WC712104,0.0029
WC712105,0.0017
WC712106,0.0018
WC712107,0.0036
WC712108,0.0008
WC712109,0.0038
WC712110,0.003
WC712111,0.0118
WC712112,0.0008
WC712113,0.002
WC712114,0.0012
WC712115,0.0017
WC712116,0.0033
WC712117,0.0037
WC712118,0.0031
WC712119,0.0039
WC712120,0.0018
WC712121,0.0018
WC712122,0.0014
WC712123,0.0008
WC712124,0.0032
WC712125,0.0008
WC712126,0.0018
WC712127,0.0015
WC712128,0.9984
WC712129,0.0039
WC712130,0.0025
WC712131,0.0008
WC712132,0.0024
WC712133,0.0023
WC712134,0.0014
WC712135,0.0023
WC712136,0.0017
WC712137,0.0045
WC712138,0.0077
WC712139,0.0034
WC712140,0.0027
WC712141,0.0021
WC712142,0.0018
WC712143,0.0009
WC712144,0.0016
WC712145,0.0018
WC712146,0.0024
WC712147,0.0009
WC712148,0.002
WC712149,0.0019
WC712150,0.0015
WC712151,0.0012
WC712152,0.0047
WC712153,0.0019
WC712154,0.0013
WC712155,0.0025
WC712156,0.007
WC712157,0.0024
WC712158,0.0014
WC712159,0.4545
WC712160,0.0014
WC712161,0.0027
WC712162,0.0021
WC712163,0.0022
WC712164,0.0025
WC712165,0.0058
WC712166,0.0025
WC712167,0.0024
WC712168,0.0027
WC712169,0.0016
WC712170,0.0019
WC712171,0.0018
WC712172,0.0098
WC712173,0.0026
WC712174,0.0029
WC712175,0.0462
WC712176,0.0021
WC712177,0.0032
WC712178,0.0025
WC712179,0.0029
WC712180,0.8123
WC712181,0.0021
WC712182,0.0015
WC712183,0.0047
WC712184,0.0032
WC712185,0.0022
WC712186,0.6382
WC712187,0.0028
WC712188,0.0025
WC712189,0.0046
WC712190,0.0016
WC712191,0.0061
WC712192,0.0012
WC712193,0.0023
WC712194,0.0006
WC712195,0.0008
WC712196,0.002
WC712197,0.002
WC712198,0.0017
WC712199,0.0017
WC712200,0.1013
WC712201,0.0022
WC712202,0.0038
WC712203,0.0074
WC712204,0.0027
WC712205,0.0033
WC712206,0.0028
WC712207,0.0015
WC712208,0.0012
WC712209,0.075
WC712210,0.0018
WC712211,0.0016
WC712212,0.0016
WC712213,0.0038
WC712214,0.0012
WC712215,0.0009
WC712216,0.0018
WC712217,0.0054
WC712218,0.0047
WC712219,0.0019
WC712220,0.0019
WC712221,0.0037
WC712222,0.0022
WC712223,0.0027
WC712224,0.0021
WC712225,0.0186
WC712226,0.4332
WC712227,0.0103
WC712228,0.9432
WC712229,0.0023
WC712230,0.0014
WC712231,0.0033
WC712232,0.0037
WC712233,0.0022
WC712234,0.0081
WC712235,0.0059
WC712236,0.0006
WC712237,0.0027
WC712238,0.0019
WC712239,0.0009
WC712240,0.0007
WC712241,0.0016
WC712242,0.0018
WC712243,0.0018
WC712244,0.0106
WC712245,0.0021
WC712246,0.0025
WC712247,0.0023
WC712248,0.0022
WC712249,0.0027
WC712250,0.0105
WC712251,0.0029
WC712252,0.8793
WC712253,0.0016
WC712254,0.0021
WC712255,0.0142
WC712256,0.0018
WC712257,0.002
WC712258,0.0072
WC712259,0.0008
WC712260,0.0033
WC712261,0.2347
WC712262,0.0037
WC712263,0.0007
WC712264,0.0035
WC712265,0.0087
WC712266,0.0015
WC712267,0.0011
WC712268,0.005
WC712269,0.0019
WC712270,0.0009
WC712271,0.0092
WC712272,0.0018
WC712273,0.0059
WC712274,0.0038
WC712275,0.0036
WC712276,0.0019
WC712277,0.0015
WC712278,0.0016
WC712279,0.0014
WC712280,0.0019
WC712281,0.0019
WC712282,0.0022
WC712283,0.0032
WC712284,0.0022
WC712285,0.0021
WC712286,0.0064
WC712287,0.0006
WC712288,0.0065
WC712289,0.003
WC712290,0.0015
WC712291,0.0016
WC712292,0.0016
WC712293,0.0018
WC712294,0.0117
WC712295,0.0027
WC712296,0.2204
WC712297,0.0019
WC712298,0.0006
WC712299,0.0017
WC712300,0.0049
WC712301,0.0016
WC712302,0.0017
WC712303,0.0023
WC712304,0.0027
WC712305,0.0013
WC712306,0.0043
WC712307,0.0008
WC712308,0.0137
WC712309,0.0017
WC712310,0.0031
WC712311,0.0018
WC712312,0.0028
WC712313,0.0015
WC712314,0.0021
WC712315,0.0036
WC712316,0.0033
WC712317,0.0015
WC712318,0.0051
WC712319,0.0039
WC712320,0.0045
WC712321,0.0006
WC712322,0.0011
WC712323,0.0804
WC712324,0.0023
WC712325,0.0008
WC712326,0.0016
WC712327,0.0025
WC712328,0.0035
WC712329,0.2498
WC712330,0.0031
WC712331,0.0023
WC712332,0.0005
WC712333,0.0016
WC712334,0.0018
WC712335,0.0011
WC712336,0.002
WC712337,0.0054
WC712338,0.0098
WC712339,0.002
WC712340,0.0026
WC712341,0.002
WC712342,0.002
WC712343,0.0111
WC712344,0.0014
WC712345,0.0031
WC712346,0.0018
WC712347,0.8895
WC712348,0.0024
WC712349,0.0023
WC712350,0.0018
WC712351,0.0016
WC712352,0.0034
WC712353,0.002
WC712354,0.0023
WC712355,0.0046
WC712356,0.0046
WC712357,0.0017
WC712358,0.3894
WC712359,0.0024
WC712360,0.0079
WC712361,0.0046
WC712362,0.0021
WC712363,0.0009
WC712364,0.0021
WC712365,0.0025
WC712366,0.0034
WC712367,0.0022
WC712368,0.0023
WC712369,0.006
WC712370,0.0031
WC712371,0.0062
WC712372,0.0063
WC712373,0.0029
WC712374,0.0017
WC712375,0.0019
WC712376,0.0019
WC712377,0.002
WC712378,0.0029
WC712379,0.0017
WC712380,0.299
WC712381,0.0063
WC712382,0.003
WC712383,0.0024
WC712384,0.0066
WC712385,0.0027
WC712386,0.0013
WC712387,0.002
WC712388,0.0007
WC712389,0.0017
WC712390,0.0471
WC712391,0.0032
WC712392,0.0027
WC712393,0.001
WC712394,0.0026
WC712395,0.0023
WC712396,0.0016
WC712397,0.0075
WC712398,0.007
WC712399,0.0011
WC712400,0.8633
WC712401,0.0016
WC712402,0.0284
WC712403,0.0018
WC712404,0.0021
WC712405,0.0025
WC712406,0.0039
WC712407,0.0026
WC712408,0.0016
WC712409,0.0029
WC712410,0.0004
WC712411,0.0016
WC712412,0.0043
WC712413,0.0018
WC712414,0.0038
WC712415,0.0018
WC712416,0.0024
WC712417,0.0045
WC712418,0.0018
WC712419,0.0013
WC712420,0.0037
WC712421,0.0036
WC712422,0.0019
WC712423,0.0021
WC712424,0.0009
WC712425,0.0163
WC712426,0.0018
WC712427,0.002
WC712428,0.003
WC712429,0.0044
WC712430,0.0113
WC712431,0.0025
WC712432,0.0095
WC712433,0.004
WC712434,0.0025
WC712435,0.8955
WC712436,0.004
WC712437,0.0052
WC712438,0.005
WC712439,0.0027
WC712440,0.0017
WC712441,0.0013
WC712442,0.0012
WC712443,0.0019
WC712444,0.0023
WC712445,0.001
WC712446,0.0016
WC712447,0.0034
WC712448,0.0126
WC712449,0.0056
WC712450,0.003
WC712451,0.0015
WC712452,0.0056
WC712453,0.0019
WC712454,0.0062
WC712455,0.0029
WC712456,0.0035
WC712457,0.0012
WC712458,0.0019
WC712459,0.0029
WC712460,0.0016
WC712461,0.0029
WC712462,0.0029
WC712463,0.0005
WC712464,0.0017
WC712465,0.0093
WC712466,0.0056
WC712467,0.004
WC712468,0.0007
WC712469,0.0007
WC712470,0.0016
WC712471,0.0021
WC712472,0.003
WC712473,0.0033
WC712474,0.0017
WC712475,0.004
WC712476,0.0013
WC712477,0.6056
WC712478,0.0181
WC712479,0.002
WC712480,0.0029
WC712481,0.0015
WC712482,0.0077
WC712483,0.002
WC712484,0.004
WC712485,0.0017
WC712486,0.004
WC712487,0.0022
WC712488,0.0028
WC712489,0.0179
WC712490,0.0023
WC712491,0.0231
WC712492,0.0021
WC712493,0.1525
WC712494,0.0014
WC712495,0.0016
WC712496,0.0017
WC712497,0.0015
WC712498,0.002
WC712499,0.002
WC712500,0.0007
WC712501,0.0006
WC712502,0.0017
WC712503,0.0086
WC712504,0.0021
WC712505,0.0021
WC712506,0.0049
WC712507,0.0172
WC712508,0.0019
WC712509,0.0017
WC712510,0.0053
WC712511,0.0036
WC712512,0.0022
WC712513,0.0021
WC712514,0.0024
WC712515,0.0014
WC712516,0.0029
WC712517,0.0021
WC712518,0.0019
WC712519,0.0158
WC712520,0.0024
WC712521,0.0021
WC712522,0.0018
WC712523,0.0012
WC712524,0.0013
WC712525,0.0024
WC712526,0.004
WC712527,0.004
WC712528,0.0031
WC712529,0.006
WC712530,0.0091
WC712531,0.002
WC712532,0.002
WC712533,0.0017
WC712534,0.0028
WC712535,0.0015
WC712536,0.0027
WC712537,0.002
WC712538,0.002
WC712539,0.0014
WC712540,0.0017
WC712541,0.0008
WC712542,0.0018
WC712543,0.0014
WC712544,0.0078
WC712545,0.0021
WC712546,0.0159
WC712547,0.0026
WC712548,0.0018
WC712549,0.0033
WC712550,0.0007
WC712551,0.0033
WC712552,0.0023
WC712553,0.0016
WC712554,0.0059
WC712555,0.0007
WC712556,0.0229
WC712557,0.0032
WC712558,0.0018
WC712559,0.002
WC712560,0.0019
WC712561,0.0071
WC712562,0.0018
WC712563,0.0023
WC712564,0.0009
WC712565,0.0017
WC712566,0.0024
WC712567,0.0029
WC712568,0.0027
WC712569,0.0042
WC712570,0.003
WC712571,0.0019
WC712572,0.0016
WC712573,0.0021
WC712574,0.0017
WC712575,0.0012
WC712576,0.0019
WC712577,0.0025
WC712578,0.0042
WC712579,0.0026
WC712580,0.0011
WC712581,0.0021
WC712582,0.0028
WC712583,0.002
WC712584,0.0019
WC712585,0.0027
WC712586,0.001
WC712587,0.0031
WC712588,0.0021
WC712589,0.0024
WC712590,0.0023
WC712591,0.009
WC712592,0.0016
WC712593,0.0017
WC712594,0.0039
WC712595,0.0017
WC712596,0.0016
WC712597,0.0216
WC712598,0.0021
WC712599,0.0058
WC712600,0.0022
WC712601,0.0029
WC712602,0.0006
WC712603,0.0024
WC712604,0.1757
WC712605,0.0012
WC712606,0.0008
WC712607,0.0022
WC712608,0.2024
WC712609,0.002
WC712610,0.0029
WC712611,0.0037
WC712612,0.0022
WC712613,0.0017
WC712614,0.0008
WC712615,0.0035
WC712616,0.0015
WC712617,0.0033
WC712618,0.0008
WC712619,0.0032
WC712620,0.0017
WC712621,0.001
WC712622,0.0031
WC712623,0.0009
WC712624,0.0022
WC712625,0.0023
WC712626,0.0061
WC712627,0.0007
WC712628,0.0012
WC712629,0.0018
WC712630,0.0018
WC712631,0.002
WC712632,0.0031
WC712633,0.0027
WC712634,0.0024
WC712635,0.0053
WC712636,0.0008
WC712637,0.0031
WC712638,0.0012
WC712639,0.0017
WC712640,0.4865
WC712641,0.0028
WC712642,0.4728
WC712643,0.0013
WC712644,0.0058
WC712645,0.0017
WC712646,0.002
WC712647,0.0029
WC712648,0.0021
WC712649,0.0009
WC712650,0.0019
WC712651,0.0015
WC712652,0.0027
WC712653,0.0012
WC712654,0.0017
WC712655,0.0035
WC712656,0.0045
WC712657,0.0017
WC712658,0.002
WC712659,0.3655
WC712660,0.003
WC712661,0.0048
WC712662,0.0032
WC712663,0.003
WC712664,0.0013
WC712665,0.0223
WC712666,0.0028
WC712667,0.0017
WC712668,0.0018
WC712669,0.8109
WC712670,0.0019
WC712671,0.008
WC712672,0.0014
WC712673,0.0009
WC712674,0.0035
WC712675,0.0025
WC712676,0.0047
WC712677,0.0026
WC712678,0.0021
WC712679,0.0018
WC712680,0.006
WC712681,0.0059
WC712682,0.0025
WC712683,0.0014
WC712684,0.0014
WC712685,0.0018
WC712686,0.0023
WC712687,0.0014
WC712688,0.002
WC712689,0.0017
WC712690,0.0027
WC712691,0.0023
WC712692,0.0016
WC712693,0.0047
WC712694,0.001
WC712695,0.0025
WC712696,0.0011
WC712697,0.008
WC712698,0.002
WC712699,0.0042
WC712700,0.002
WC712701,0.0024
WC712702,0.0127
WC712703,0.0025
WC712704,0.0023
WC712705,0.0017
WC712706,0.0047
WC712707,0.0014
WC712708,0.0025
WC712709,0.0031
WC712710,0.0021
WC712711,0.0035
WC712712,0.0026
WC712713,0.0018
WC712714,0.0019
WC712715,0.0019
WC712716,0.0019
WC712717,0.0028
WC712718,0.0017
WC712719,0.0021
WC712720,0.0015
WC712721,0.0041
WC712722,0.0012
WC712723,0.0012
WC712724,0.8697
WC712725,0.0019
WC712726,0.0052
WC712727,0.0018
WC712728,0.0097
WC712729,0.0047
WC712730,0.0014
WC712731,0.0012
WC712732,0.0006
WC712733,0.0019
WC712734,0.0293
WC712735,0.5615
WC712736,0.0037
WC712737,0.0017
WC712738,0.0017
WC712739,0.1952
WC712740,0.0015
WC712741,0.0021
WC712742,0.0016
WC712743,0.001
WC712744,0.0014
WC712745,0.0016
WC712746,0.0021
WC712747,0.0017
WC712748,0.0047
WC712749,0.0178
WC712750,0.0013
WC712751,0.0329
WC712752,0.0009
WC712753,0.0013
WC712754,0.9984
WC712755,0.0018
WC712756,0.0017
WC712757,0.0029
WC712758,0.0016
WC712759,0.0031
WC712760,0.0038
WC712761,0.002
WC712762,0.0014
WC712763,0.0036
WC712764,0.0017
WC712765,0.0013
WC712766,0.0029
WC712767,0.0022
WC712768,0.0041
WC712769,0.0024
WC712770,0.0072
WC712771,0.0027
WC712772,0.0014
WC712773,0.0021
WC712774,0.001
WC712775,0.0778
WC712776,0.005
WC712777,0.0037
WC712778,0.0058
WC712779,0.0028
WC712780,0.7091
WC712781,0.0027
WC712782,0.0014
WC712783,0.0021
WC712784,0.0087
WC712785,0.0021
WC712786,0.998
WC712787,0.0024
WC712788,0.007
WC712789,0.0007
WC712790,0.0125
WC712791,0.003
WC712792,0.0018
WC712793,0.0014
WC712794,0.002
WC712795,0.0017
WC712796,0.0018
WC712797,0.0031
WC712798,0.0019
WC712799,0.0018
WC712800,0.0013
WC712801,0.0136
WC712802,0.0021
WC712803,0.003
WC712804,0.0021
WC712805,0.0036
WC712806,0.9567
WC712807,0.0027
WC712808,0.0018
WC712809,0.0021
WC712810,0.5276
WC712811,0.0029
WC712812,0.9987
WC712813,0.5615
WC712814,0.0017
WC712815,0.0007
WC712816,0.1322
WC712817,0.0014
WC712818,0.0011
WC712819,0.0013
WC712820,0.0141
WC712821,0.0027
WC712822,0.0039
WC712823,0.0014
WC712824,0.0015
WC712825,0.0036
WC712826,0.0016
WC712827,0.0017
WC712828,0.0019
WC712829,0.0052
WC712830,0.0016
WC712831,0.0018
WC712832,0.998
WC712833,0.0023
WC712834,0.0028
WC712835,0.0027
WC712836,0.0006
WC712837,0.0024
WC712838,0.002
WC712839,0.0024
WC712840,0.0034
WC712841,0.0022
WC712842,0.0024
WC712843,0.0017
WC712844,0.0055
WC712845,0.0014
WC712846,0.0021
WC712847,0.002
WC712848,0.0105
WC712849,0.002
WC712850,0.0019
WC712851,0.0018
WC712852,0.0021
WC712853,0.0017
WC712854,0.0054
WC712855,0.008
WC712856,0.0027
WC712857,0.0014
WC712858,0.0024
WC712859,0.0013
WC712860,0.0087
WC712861,0.0024
WC712862,0.0023
WC712863,0.0014
WC712864,0.0012
WC712865,0.0016
WC712866,0.0019
WC712867,0.0017
WC712868,0.0025
WC712869,0.0019
WC712870,0.0017
WC712871,0.0033
WC712872,0.0016
WC712873,0.0015
WC712874,0.0031
WC712875,0.0045
WC712876,0.0018
WC712877,0.0034
WC712878,0.0021
WC712879,0.0024
WC712880,0.0018
WC712881,0.0097
WC712882,0.0022
WC712883,0.0039
WC712884,0.0016
WC712885,0.003
WC712886,0.0034
WC712887,0.0018
WC712888,0.0028
WC712889,0.0016
WC712890,0.0016
WC712891,0.0024
WC712892,0.0138
WC712893,0.0044
WC712894,0.0025
WC712895,0.0021
WC712896,0.0042
WC712897,0.0016
WC712898,0.0024
WC712899,0.0058
WC712900,0.004
WC712901,0.0007
WC712902,0.0012
WC712903,0.0018
WC712904,0.0021
WC712905,0.0016
WC712906,0.0057
WC712907,0.896
WC712908,0.0091
WC712909,0.0017
WC712910,0.0202
WC712911,0.0019
WC712912,0.002
WC712913,0.0009
WC712914,0.0017
WC712915,0.0027
WC712916,0.0038
WC712917,0.0004
WC712918,0.4686
WC712919,0.0027
WC712920,0.0037
WC712921,0.4208
WC712922,0.0042
WC712923,0.0021
WC712924,0.0042
WC712925,0.0013
WC712926,0.0023
WC712927,0.0019
WC712928,0.0141
WC712929,0.0026
WC712930,0.0025
WC712931,0.0056
WC712932,0.0018
WC712933,0.009
WC712934,0.0018
WC712935,0.0016
WC712936,0.0057
WC712937,0.0017
WC712938,0.3816
WC712939,0.0008
WC712940,0.0016
WC712941,0.0017
WC712942,0.0025
WC712943,0.0069
WC712944,0.0011
WC712945,0.0016
WC712946,0.0021
WC712947,0.0017
WC712948,0.0043
WC712949,0.0016
WC712950,0.0025
WC712951,0.0055
WC712952,0.0007
WC712953,0.0009
WC712954,0.0018
WC712955,0.0123
WC712956,0.0113
WC712957,0.0034
WC712958,0.009
WC712959,0.0021
WC712960,0.0077
WC712961,0.002
WC712962,0.0032
WC712963,0.0027
WC712964,0.0031
WC712965,0.0028
WC712966,0.0018
WC712967,0.002
WC712968,0.0007
WC712969,0.0015
WC712970,0.0034
WC712971,0.0024
WC712972,0.6172
WC712973,0.0041
WC712974,0.0028
WC712975,0.0018
WC712976,0.0031
WC712977,0.0043
WC712978,0.0037
WC712979,0.0151
WC712980,0.0022
WC712981,0.0014
WC712982,0.006
WC712983,0.001
WC712984,0.0015
WC712985,0.0018
WC712986,0.002
WC712987,0.0031
WC712988,0.0021
WC712989,0.0017
WC712990,0.0106
WC712991,0.0553
WC712992,0.0018
WC712993,0.0016
WC712994,0.0013
WC712995,0.0019
WC712996,0.0011
WC712997,0.0018
WC712998,0.0018
WC712999,0.0025
WC713000,0.0015
WC713001,0.0018
WC713002,0.0029
WC713003,0.0036
WC713004,0.0029
WC713005,0.0038
WC713006,0.007
WC713007,0.0018
WC713008,0.0018
WC713009,0.0037
WC713010,0.0025
WC713011,0.0025
WC713012,0.0022
WC713013,0.0022
WC713014,0.0011
WC713015,0.0018
WC713016,0.0007
WC713017,0.0021
WC713018,0.002
WC713019,0.0021
WC713020,0.7997
WC713021,0.0005
WC713022,0.0044
WC713023,0.0031
WC713024,0.0019
WC713025,0.0017
WC713026,0.0018
WC713027,0.5877
WC713028,0.002
WC713029,0.8414
WC713030,0.0056
WC713031,0.0044
WC713032,0.0017
WC713033,0.0018
WC713034,0.0031
WC713035,0.0024
WC713036,0.0026
WC713037,0.002
WC713038,0.0017
WC713039,0.0016
WC713040,0.4194
WC713041,0.0033
WC713042,0.0021
WC713043,0.0012
WC713044,0.0044
WC713045,0.0022
WC713046,0.0016
WC713047,0.0028
WC713048,0.015
WC713049,0.0052
WC713050,0.0021
WC713051,0.0016
WC713052,0.8678
WC713053,0.0054
WC713054,0.0016
WC713055,0.0019
WC713056,0.6692
WC713057,0.0056
WC713058,0.8895
WC713059,0.0022
WC713060,0.0016
WC713061,0.0018
WC713062,0.0015
WC713063,0.0024
WC713064,0.0021
WC713065,0.0023
WC713066,0.0036
WC713067,0.0014
WC713068,0.0017
WC713069,0.0028
WC713070,0.0061
WC713071,0.0169
WC713072,0.0019
WC713073,0.0018
WC713074,0.0019
WC713075,0.0021
WC713076,0.0019
WC713077,0.0026
WC713078,0.0025
WC713079,0.0256
WC713080,0.0022
WC713081,0.002
WC713082,0.0014
WC713083,0.0016
WC713084,0.0023
WC713085,0.0036
WC713086,0.002
WC713087,0.0034
WC713088,0.0016
WC713089,0.0026
WC713090,0.0027
WC713091,0.0019
WC713092,0.004
WC713093,0.0008
WC713094,0.0066
WC713095,0.0009
WC713096,0.0082
WC713097,0.0013
WC713098,0.393
WC713099,0.007
WC713100,0.0298
WC713101,0.0008
WC713102,0.0021
WC713103,0.0025
WC713104,0.4678
WC713105,0.0013
WC713106,0.0023
WC713107,0.0035
WC713108,0.0028
WC713109,0.0013
WC713110,0.0014
WC713111,0.0017
WC713112,0.002
WC713113,0.0012
WC713114,0.0022
WC713115,0.0029
WC713116,0.005
WC713117,0.4096
WC713118,0.561
WC713119,0.0017
WC713120,0.0051
WC713121,0.0035
WC713122,0.3831
WC713123,0.0018
WC713124,0.002
WC713125,0.0018
WC713126,0.0006
WC713127,0.0018
WC713128,0.0019
WC713129,0.002
WC713130,0.0099
WC713131,0.0016
WC713132,0.0023
WC713133,0.0019
WC713134,0.0039
WC713135,0.003
WC713136,0.002
WC713137,0.0027
WC713138,0.0048
WC713139,0.0013
WC713140,0.9181
WC713141,0.0029
WC713142,0.0015
WC713143,0.0405
WC713144,0.0018
WC713145,0.0028
WC713146,0.0026
WC713147,0.0161
WC713148,0.0016
WC713149,0.0084
WC713150,0.0042
WC713151,0.0029
WC713152,0.002
WC713153,0.0017
WC713154,0.0031
WC713155,0.0103
WC713156,0.0017
WC713157,0.2102
WC713158,0.0021
WC713159,0.0059
WC713160,0.0022
WC713161,0.0016
WC713162,0.0028
WC713163,0.0012
WC713164,0.0014
WC713165,0.0016
WC713166,0.0008
WC713167,0.0012
WC713168,0.0033
WC713169,0.0066
WC713170,0.0006
WC713171,0.0078
WC713172,0.0018
WC713173,0.0009
WC713174,0.0019
WC713175,0.0019
WC713176,0.0019
WC713177,0.0045
WC713178,0.001
WC713179,0.0092
WC713180,0.0062
WC713181,0.002
WC713182,0.0049
WC713183,0.0018
WC713184,0.0022
WC713185,0.0018
WC713186,0.0014
WC713187,0.1115
WC713188,0.0016
WC713189,0.0062
WC713190,0.0005
WC713191,0.4304
WC713192,0.0012
WC713193,0.006
WC713194,0.0018
WC713195,0.0016
WC713196,0.0027
WC713197,0.0016
WC713198,0.0023
WC713199,0.0047
WC713200,0.002
WC713201,0.0007
WC713202,0.0018
WC713203,0.002
WC713204,0.0019
WC713205,0.028
WC713206,0.0015
WC713207,0.0019
WC713208,0.0025
WC713209,0.0007
WC713210,0.0028
WC713211,0.0013
WC713212,0.0018
WC713213,0.4579
WC713214,0.0008
WC713215,0.0014
WC713216,0.0021
WC713217,0.002
WC713218,0.002
WC713219,0.0012
WC713220,0.0013
WC713221,0.0029
WC713222,0.4326
WC713223,0.4627
WC713224,0.501
WC713225,0.0081
WC713226,0.0027
WC713227,0.0008
WC713228,0.0024
WC713229,0.0009
WC713230,0.0012
WC713231,0.0043
WC713232,0.0012
WC713233,0.003
WC713234,0.0019
WC713235,0.0013
WC713236,0.0037
WC713237,0.0041
WC713238,0.0023
WC713239,0.002
WC713240,0.0047
WC713241,0.0027
WC713242,0.0014
WC713243,0.0016
WC713244,0.0024
WC713245,0.0091
WC713246,0.0029
WC713247,0.0033
WC713248,0.0018
WC713249,0.0016
WC713250,0.0024
WC713251,0.0067
WC713252,0.0027
WC713253,0.0021
WC713254,0.0005
WC713255,0.0015
WC713256,0.0017
WC713257,0.0012
WC713258,0.0017
WC713259,0.0037
WC713260,0.0031
WC713261,0.0015
WC713262,0.0076
WC713263,0.002
WC713264,0.0174
WC713265,0.0162
WC713266,0.0026
WC713267,0.0028
WC713268,0.0019
WC713269,0.0017
WC713270,0.0018
WC713271,0.0022
WC713272,0.0045
WC713273,0.0008
WC713274,0.0023
WC713275,0.0028
WC713276,0.0077
WC713277,0.0033
WC713278,0.0023
WC713279,0.0047
WC713280,0.0016
WC713281,0.0019
WC713282,0.0023
WC713283,0.0032
WC713284,0.0021
WC713285,0.0012
WC713286,0.0027
WC713287,0.0023
WC713288,0.0018
WC713289,0.0045
WC713290,0.0006
WC713291,0.0007
WC713292,0.0129
WC713293,0.0018
WC713294,0.0016
WC713295,0.0016
WC713296,0.0017
WC713297,0.0007
WC713298,0.0019
WC713299,0.0019
WC713300,0.0201
WC713301,0.007
WC713302,0.0019
WC713303,0.0017
WC713304,0.002
WC713305,0.002
WC713306,0.0022
WC713307,0.0055
WC713308,0.0021
WC713309,0.0018
WC713310,0.0024
WC713311,0.0014
WC713312,0.0014
WC713313,0.1074
WC713314,0.0043
WC713315,0.003
WC713316,0.007
WC713317,0.0021
WC713318,0.002
WC713319,0.0019
WC713320,0.0028
WC713321,0.004
WC713322,0.1705
WC713323,0.0007
WC713324,0.0007
WC713325,0.0317
WC713326,0.0009
WC713327,0.0009
WC713328,0.0018
WC713329,0.0018
WC713330,0.0017
WC713331,0.0138
WC713332,0.0011
WC713333,0.0014
WC713334,0.0058
WC713335,0.0011
WC713336,0.0018
WC713337,0.0009
WC713338,0.0008
WC713339,0.0016
WC713340,0.0046
WC713341,0.0013
WC713342,0.5311
WC713343,0.002
WC713344,0.0021
WC713345,0.003
WC713346,0.0017
WC713347,0.003
WC713348,0.0099
WC713349,0.0019
WC713350,0.0031
WC713351,0.0113
WC713352,0.0031
WC713353,0.0023
WC713354,0.001
WC713355,0.0025
WC713356,0.0012
WC713357,0.0016
WC713358,0.0014
WC713359,0.0032
WC713360,0.0018
WC713361,0.0018
WC713362,0.0033
WC713363,0.0019
WC713364,0.0023
WC713365,0.0034
WC713366,0.0022
WC713367,0.5234
WC713368,0.0014
WC713369,0.0013
WC713370,0.0017
WC713371,0.0015
WC713372,0.0026
WC713373,0.0007
WC713374,0.002
WC713375,0.0038
WC713376,0.0018
WC713377,0.0013
WC713378,0.0037
WC713379,0.0021
WC713380,0.0016
WC713381,0.0011
WC713382,0.0027
WC713383,0.002
WC713384,0.0033
WC713385,0.0027
WC713386,0.0018
WC713387,0.0082
WC713388,0.0041
WC713389,0.002
WC713390,0.0033
WC713391,0.0032
WC713392,0.2375
WC713393,0.0017
WC713394,0.002
WC713395,0.0033
WC713396,0.0015
WC713397,0.0121
WC713398,0.0021
WC713399,0.0064
WC713400,0.0009
WC713401,0.0018
WC713402,0.0073
WC713403,0.998
WC713404,0.0063
WC713405,0.0049
WC713406,0.0025
WC713407,0.0011
WC713408,0.0006
WC713409,0.0037
WC713410,0.0025
WC713411,0.0049
WC713412,0.0015
WC713413,0.0027
WC713414,0.002
WC713415,0.0019
WC713416,0.0007
WC713417,0.0019
WC713418,0.7865
WC713419,0.0018
WC713420,0.0019
WC713421,0.0015
WC713422,0.0017
WC713423,0.005
WC713424,0.0128
WC713425,0.0018
WC713426,0.004
WC713427,0.0022
WC713428,0.0021
WC713429,0.0032
WC713430,0.002
WC713431,0.0008
WC713432,0.0006
WC713433,0.0038
WC713434,0.002
WC713435,0.0027
WC713436,0.0015
WC713437,0.0024
WC713438,0.0056
WC713439,0.823
WC713440,0.0037
WC713441,0.0009
WC713442,0.0027
WC713443,0.002
WC713444,0.0021
WC713445,0.0021
WC713446,0.0023
WC713447,0.0017
WC713448,0.0006
WC713449,0.0009
WC713450,0.0013
WC713451,0.002
WC713452,0.0129
WC713453,0.0021
WC713454,0.1188
WC713455,0.8874
WC713456,0.0041
WC713457,0.0015
WC713458,0.0064
WC713459,0.0057
WC713460,0.0008
WC713461,0.0036
WC713462,0.0013
WC713463,0.0031
WC713464,0.0012
WC713465,0.0017
WC713466,0.0018
WC713467,0.0016
WC713468,0.0021
WC713469,0.0012
WC713470,0.0021
WC713471,0.0021
WC713472,0.0008
WC713473,0.9272
WC713474,0.0008
WC713475,0.0016
WC713476,0.0021
WC713477,0.0028
WC713478,0.0462
WC713479,0.0009
WC713480,0.0013
WC713481,0.0008
WC713482,0.002
WC713483,0.0027
WC713484,0.0023
WC713485,0.0021
WC713486,0.0022
WC713487,0.0019
WC713488,0.0144
WC713489,0.002
WC713490,0.0018
WC713491,0.0018
WC713492,0.007
WC713493,0.0023
WC713494,0.0014
WC713495,0.0077
WC713496,0.0094
WC713497,0.2337
WC713498,0.0028
WC713499,0.0014
WC713500,0.0018
WC713501,0.0008
WC713502,0.0022
WC713503,0.0024
WC713504,0.0008
WC713505,0.0013
WC713506,0.0028
WC713507,0.0257
WC713508,0.028
WC713509,0.0034
WC713510,0.0054
WC713511,0.0016
WC713512,0.0024
WC713513,0.0017
WC713514,0.4109
WC713515,0.0881
WC713516,0.0009
WC713517,0.0012
WC713518,0.0016
WC713519,0.0011
WC713520,0.0024
WC713521,0.0007
WC713522,0.004
WC713523,0.002
WC713524,0.0034
WC713525,0.002
WC713526,0.0019
WC713527,0.0014
WC713528,0.0121
WC713529,0.0008
WC713530,0.002
WC713531,0.0075
WC713532,0.0007
WC713533,0.002
WC713534,0.876
WC713535,0.0014
WC713536,0.0017
WC713537,0.0013
WC713538,0.0059
WC713539,0.0021
WC713540,0.0025
WC713541,0.0042
WC713542,0.0023
WC713543,0.0035
WC713544,0.0019
WC713545,0.0025
WC713546,0.4551
WC713547,0.0018
WC713548,0.0009
WC713549,0.0007
WC713550,0.0014
WC713551,0.0072
WC713552,0.0027
WC713553,0.0028
WC713554,0.0016
WC713555,0.0016
WC713556,0.0853
WC713557,0.0008
WC713558,0.0022
WC713559,0.0021
WC713560,0.0015
WC713561,0.0019
WC713562,0.0853
WC713563,0.0025
WC713564,0.0031
WC713565,0.0029
WC713566,0.0019
WC713567,0.0011
WC713568,0.0032
WC713569,0.0018
WC713570,0.0023
WC713571,0.4143
WC713572,0.0018
WC713573,0.6126
WC713574,0.0005
WC713575,0.0012
WC713576,0.0021
WC713577,0.0024
WC713578,0.004
WC713579,0.002
WC713580,0.0022
WC713581,0.0078
WC713582,0.002
WC713583,0.0018
WC713584,0.0023
WC713585,0.0036
WC713586,0.0031
WC713587,0.0027
WC713588,0.0022
WC713589,0.0014
WC713590,0.002
WC713591,0.0014
WC713592,0.001
WC713593,0.0016
WC713594,0.0121
WC713595,0.0033
WC713596,0.0022
WC713597,0.0013
WC713598,0.0018
WC713599,0.0008
